{
  "Industry_Tourism" : {
    "transaction" : "Industry_Tourism",
    "sampleCount" : 500,
    "errorCount" : 0,
    "errorPct" : 0.0,
    "meanResTime" : 2061.6120000000005,
    "medianResTime" : 2118.0,
    "minResTime" : 567.0,
    "maxResTime" : 3968.0,
    "pct1ResTime" : 2524.1000000000004,
    "pct2ResTime" : 2671.35,
    "pct3ResTime" : 3754.560000000002,
    "throughput" : 8.716723906486985,
    "receivedKBytesPerSec" : 268.94188369493213,
    "sentKBytesPerSec" : 2.400504044559893
  },
  "Products" : {
    "transaction" : "Products",
    "sampleCount" : 500,
    "errorCount" : 0,
    "errorPct" : 0.0,
    "meanResTime" : 2395.7279999999996,
    "medianResTime" : 2248.5,
    "minResTime" : 1369.0,
    "maxResTime" : 6131.0,
    "pct1ResTime" : 2841.7000000000003,
    "pct2ResTime" : 3575.8999999999987,
    "pct3ResTime" : 5899.79,
    "throughput" : 8.275953389830509,
    "receivedKBytesPerSec" : 299.81784497277215,
    "sentKBytesPerSec" : 2.1498082047801907
  },
  "All_Pages-1" : {
    "transaction" : "All_Pages-1",
    "sampleCount" : 500,
    "errorCount" : 0,
    "errorPct" : 0.0,
    "meanResTime" : 2889.767999999998,
    "medianResTime" : 2337.5,
    "minResTime" : 944.0,
    "maxResTime" : 9075.0,
    "pct1ResTime" : 5095.600000000002,
    "pct2ResTime" : 8182.299999999999,
    "pct3ResTime" : 8427.97,
    "throughput" : 8.154478439559005,
    "receivedKBytesPerSec" : 513.6290321347609,
    "sentKBytesPerSec" : 0.9954197313914802
  },
  "All_Pages-0" : {
    "transaction" : "All_Pages-0",
    "sampleCount" : 500,
    "errorCount" : 0,
    "errorPct" : 0.0,
    "meanResTime" : 486.0440000000001,
    "medianResTime" : 456.5,
    "minResTime" : 254.0,
    "maxResTime" : 1067.0,
    "pct1ResTime" : 868.9000000000001,
    "pct2ResTime" : 943.4499999999998,
    "pct3ResTime" : 1025.93,
    "throughput" : 8.192020971573687,
    "receivedKBytesPerSec" : 7.57601939460965,
    "sentKBytesPerSec" : 1.0000025600065536
  },
  "Products-1" : {
    "transaction" : "Products-1",
    "sampleCount" : 500,
    "errorCount" : 0,
    "errorPct" : 0.0,
    "meanResTime" : 1851.8059999999998,
    "medianResTime" : 1702.5,
    "minResTime" : 707.0,
    "maxResTime" : 5873.0,
    "pct1ResTime" : 2433.100000000001,
    "pct2ResTime" : 2854.75,
    "pct3ResTime" : 5377.9400000000005,
    "throughput" : 8.312137383006666,
    "receivedKBytesPerSec" : 293.3766616482137,
    "sentKBytesPerSec" : 1.0796037811912955
  },
  "Products-0" : {
    "transaction" : "Products-0",
    "sampleCount" : 500,
    "errorCount" : 0,
    "errorPct" : 0.0,
    "meanResTime" : 543.8660000000001,
    "medianResTime" : 487.0,
    "minResTime" : 254.0,
    "maxResTime" : 2016.0,
    "pct1ResTime" : 925.7,
    "pct2ResTime" : 1030.8,
    "pct3ResTime" : 1240.99,
    "throughput" : 8.441668073611346,
    "receivedKBytesPerSec" : 7.872844736619957,
    "sentKBytesPerSec" : 1.0964275915920987
  },
  "Industry_Tourism-0" : {
    "transaction" : "Industry_Tourism-0",
    "sampleCount" : 500,
    "errorCount" : 0,
    "errorPct" : 0.0,
    "meanResTime" : 485.65600000000035,
    "medianResTime" : 375.0,
    "minResTime" : 253.0,
    "maxResTime" : 1083.0,
    "pct1ResTime" : 874.9000000000001,
    "pct2ResTime" : 988.9,
    "pct3ResTime" : 1046.97,
    "throughput" : 8.80374687466986,
    "receivedKBytesPerSec" : 8.279304922174878,
    "sentKBytesPerSec" : 1.2122346770785648
  },
  "Industry_Tourism-1" : {
    "transaction" : "Industry_Tourism-1",
    "sampleCount" : 500,
    "errorCount" : 0,
    "errorPct" : 0.0,
    "meanResTime" : 1575.924000000001,
    "medianResTime" : 1552.5,
    "minResTime" : 313.0,
    "maxResTime" : 3706.0,
    "pct1ResTime" : 2189.3,
    "pct2ResTime" : 2353.3999999999996,
    "pct3ResTime" : 2979.7300000000023,
    "throughput" : 8.805762490974093,
    "receivedKBytesPerSec" : 263.4078397153097,
    "sentKBytesPerSec" : 1.2125122179954562
  },
  "News-1" : {
    "transaction" : "News-1",
    "sampleCount" : 500,
    "errorCount" : 0,
    "errorPct" : 0.0,
    "meanResTime" : 1645.9679999999996,
    "medianResTime" : 1539.0,
    "minResTime" : 578.0,
    "maxResTime" : 4626.0,
    "pct1ResTime" : 2288.5,
    "pct2ResTime" : 2589.5999999999995,
    "pct3ResTime" : 3955.3400000000006,
    "throughput" : 8.426019548365353,
    "receivedKBytesPerSec" : 308.0849961556286,
    "sentKBytesPerSec" : 1.0614809782608694
  },
  "Total" : {
    "transaction" : "Total",
    "sampleCount" : 7500,
    "errorCount" : 0,
    "errorPct" : 0.0,
    "meanResTime" : 1630.9496000000051,
    "medianResTime" : 1626.0,
    "minResTime" : 253.0,
    "maxResTime" : 9597.0,
    "pct1ResTime" : 2640.0,
    "pct2ResTime" : 2986.95,
    "pct3ResTime" : 8013.899999999998,
    "throughput" : 113.72769041806299,
    "receivedKBytesPerSec" : 3125.530788455123,
    "sentKBytesPerSec" : 20.2281282696711
  },
  "All_Pages" : {
    "transaction" : "All_Pages",
    "sampleCount" : 500,
    "errorCount" : 0,
    "errorPct" : 0.0,
    "meanResTime" : 3375.972000000001,
    "medianResTime" : 2779.0,
    "minResTime" : 1600.0,
    "maxResTime" : 9597.0,
    "pct1ResTime" : 5371.4000000000015,
    "pct2ResTime" : 8737.85,
    "pct3ResTime" : 8970.74,
    "throughput" : 8.067248584197873,
    "receivedKBytesPerSec" : 515.5952835335355,
    "sentKBytesPerSec" : 1.969543111376434
  },
  "News" : {
    "transaction" : "News",
    "sampleCount" : 500,
    "errorCount" : 0,
    "errorPct" : 0.0,
    "meanResTime" : 2198.3440000000005,
    "medianResTime" : 2157.5,
    "minResTime" : 840.0,
    "maxResTime" : 4886.0,
    "pct1ResTime" : 2616.0,
    "pct2ResTime" : 3029.2999999999993,
    "pct3ResTime" : 4241.82,
    "throughput" : 8.350591221858508,
    "receivedKBytesPerSec" : 313.0823558792338,
    "sentKBytesPerSec" : 2.103957553944819
  },
  "News-0" : {
    "transaction" : "News-0",
    "sampleCount" : 500,
    "errorCount" : 0,
    "errorPct" : 0.0,
    "meanResTime" : 552.3140000000001,
    "medianResTime" : 517.5,
    "minResTime" : 254.0,
    "maxResTime" : 2050.0,
    "pct1ResTime" : 930.0,
    "pct2ResTime" : 993.0,
    "pct3ResTime" : 1084.8000000000002,
    "throughput" : 8.431987588114271,
    "receivedKBytesPerSec" : 7.830879097945967,
    "sentKBytesPerSec" : 1.0622328113933015
  },
  "MobileAppDev_Services" : {
    "transaction" : "MobileAppDev_Services",
    "sampleCount" : 500,
    "errorCount" : 0,
    "errorPct" : 0.0,
    "meanResTime" : 2200.641999999997,
    "medianResTime" : 2200.0,
    "minResTime" : 617.0,
    "maxResTime" : 4559.0,
    "pct1ResTime" : 2641.9,
    "pct2ResTime" : 2815.65,
    "pct3ResTime" : 4149.500000000002,
    "throughput" : 8.547154652216276,
    "receivedKBytesPerSec" : 321.6622493012701,
    "sentKBytesPerSec" : 2.5875175216670367
  },
  "MobileAppDev_Services-0" : {
    "transaction" : "MobileAppDev_Services-0",
    "sampleCount" : 500,
    "errorCount" : 0,
    "errorPct" : 0.0,
    "meanResTime" : 521.4040000000003,
    "medianResTime" : 435.0,
    "minResTime" : 253.0,
    "maxResTime" : 1080.0,
    "pct1ResTime" : 894.9000000000001,
    "pct2ResTime" : 982.8,
    "pct3ResTime" : 1054.8400000000001,
    "throughput" : 8.634087376964255,
    "receivedKBytesPerSec" : 8.237796257123122,
    "sentKBytesPerSec" : 1.3069175228803316
  },
  "MobileAppDev_Services-1" : {
    "transaction" : "MobileAppDev_Services-1",
    "sampleCount" : 500,
    "errorCount" : 0,
    "errorPct" : 0.0,
    "meanResTime" : 1679.1959999999974,
    "medianResTime" : 1615.0,
    "minResTime" : 345.0,
    "maxResTime" : 4297.0,
    "pct1ResTime" : 2315.9,
    "pct2ResTime" : 2519.8,
    "pct3ResTime" : 3601.1800000000017,
    "throughput" : 8.679199430644516,
    "receivedKBytesPerSec" : 318.3507636068149,